,city,lat,lng,temp,humidity,wind,cloudiness,country,date
0,christchurch,-43.5333,172.6333,38.03,100,2.3,2,NZ,Wed Jun  2 15:36:14 2021
1,richards bay,-28.783,32.0377,61.05,80,6.42,1,ZA,Wed Jun  2 15:25:42 2021
2,bredasdorp,-34.5322,20.0403,55.27,94,8.08,31,ZA,Wed Jun  2 15:36:16 2021
3,hithadhoo,-0.6,73.0833,83.71,68,16.71,99,MV,Wed Jun  2 15:36:17 2021
4,vaini,-21.2,-175.2,69.96,83,2.3,75,TO,Wed Jun  2 15:36:18 2021
5,broome,42.2506,-75.833,68.77,87,1.99,90,US,Wed Jun  2 15:30:56 2021
6,tuktoyaktuk,69.4541,-133.0374,35.6,60,13.8,75,CA,Wed Jun  2 15:27:05 2021
7,atuona,-9.8,-139.0333,80.28,70,15.82,100,PF,Wed Jun  2 15:32:45 2021
8,busselton,-33.65,115.3333,59.88,70,2.37,100,AU,Wed Jun  2 15:36:19 2021
9,ribeira grande,38.5167,-28.7,64.8,55,9.22,20,PT,Wed Jun  2 15:36:20 2021
10,dikson,73.5069,80.5464,25.68,95,5.1,58,RU,Wed Jun  2 15:36:20 2021
11,pevek,69.7008,170.3133,33.53,72,2.08,18,RU,Wed Jun  2 15:36:20 2021
12,ardesen,41.1911,40.9875,62.56,85,14.74,100,TR,Wed Jun  2 15:33:27 2021
13,bluff,-46.6,168.3333,49.8,82,9.84,99,NZ,Wed Jun  2 15:36:21 2021
14,sept-iles,50.2001,-66.3821,72.12,48,8.01,75,CA,Wed Jun  2 15:34:56 2021
15,butaritari,3.0707,172.7902,82.99,78,14.56,100,KI,Wed Jun  2 15:36:22 2021
16,ancud,-41.8697,-73.8203,52.23,94,11.27,100,CL,Wed Jun  2 15:36:22 2021
17,hami,42.8,93.45,75.99,9,12.06,0,CN,Wed Jun  2 15:27:18 2021
18,rikitea,-23.1203,-134.9692,72.3,62,17.13,61,PF,Wed Jun  2 15:36:23 2021
19,saskylakh,71.9167,114.0833,34.99,88,18.41,100,RU,Wed Jun  2 15:36:23 2021
20,sitka,57.0531,-135.33,49.89,87,12.66,90,US,Wed Jun  2 15:36:24 2021
21,sumbe,-11.2061,13.8437,75.79,85,2.98,3,AO,Wed Jun  2 15:36:24 2021
22,khatanga,71.9667,102.5,33.51,86,1.3,100,RU,Wed Jun  2 15:36:25 2021
23,alofi,-19.0595,-169.9187,73.29,94,5.75,100,NU,Wed Jun  2 15:36:25 2021
24,kodiak,57.79,-152.4072,47.71,81,5.75,90,US,Wed Jun  2 15:36:25 2021
25,harrismith,-28.2728,29.1295,40.98,80,2.28,57,ZA,Wed Jun  2 15:36:26 2021
26,kalmunai,7.4167,81.8167,81.07,82,5.5,95,LK,Wed Jun  2 15:36:26 2021
27,hermanus,-34.4187,19.2345,61.9,80,13.85,31,ZA,Wed Jun  2 15:36:28 2021
28,kapaa,22.0752,-159.319,81.12,71,4.0,1,US,Wed Jun  2 15:36:29 2021
29,ushuaia,-54.8,-68.3,31.62,96,3.8,26,AR,Wed Jun  2 15:36:30 2021
30,hamilton,39.1834,-84.5333,67.21,95,4.0,90,US,Wed Jun  2 15:30:07 2021
31,jamestown,42.097,-79.2353,71.19,56,10.36,20,US,Wed Jun  2 15:33:13 2021
32,ilulissat,69.2167,-51.1,42.82,56,8.05,1,GL,Wed Jun  2 15:36:36 2021
33,bucine,43.4764,11.6148,69.19,77,4.27,40,IT,Wed Jun  2 15:36:37 2021
34,katangli,51.7102,143.2326,46.71,94,7.34,24,RU,Wed Jun  2 15:30:16 2021
35,anta,25.15,76.3,91.33,32,4.36,85,IN,Wed Jun  2 15:36:41 2021
36,luderitz,-26.6481,15.1594,67.71,29,13.53,0,NA,Wed Jun  2 15:27:24 2021
37,benghazi,32.1167,20.0667,75.88,49,13.87,86,LY,Wed Jun  2 15:36:44 2021
38,avarua,-21.2078,-159.775,78.85,69,13.8,38,CK,Wed Jun  2 15:36:46 2021
39,punta arenas,-53.15,-70.9167,33.91,69,5.19,0,CL,Wed Jun  2 15:33:02 2021
40,geraldton,-28.7667,114.6,54.01,82,10.98,0,AU,Wed Jun  2 15:36:49 2021
41,saint-pierre,-21.3393,55.4781,74.88,78,24.16,0,RE,Wed Jun  2 15:36:52 2021
42,constitucion,-35.3333,-72.4167,62.47,70,11.63,34,CL,Wed Jun  2 15:36:53 2021
43,port elizabeth,-33.918,25.5701,59.29,94,19.57,90,ZA,Wed Jun  2 15:36:54 2021
44,tezu,27.9167,96.1667,73.27,97,3.38,61,IN,Wed Jun  2 15:36:55 2021
45,victoria,22.2855,114.1577,85.32,90,1.01,100,HK,Wed Jun  2 15:36:44 2021
46,yellowknife,62.456,-114.3525,59.56,77,1.01,40,CA,Wed Jun  2 15:36:55 2021
47,albany,42.6001,-73.9662,79.9,64,3.29,100,US,Wed Jun  2 15:34:07 2021
48,pisco,-13.7,-76.2167,64.45,88,4.61,90,PE,Wed Jun  2 15:34:46 2021
49,clyde river,70.4692,-68.5914,28.63,86,4.61,90,CA,Wed Jun  2 15:32:12 2021
50,port alfred,-33.5906,26.891,59.59,89,18.41,95,ZA,Wed Jun  2 15:36:56 2021
51,sompeta,18.9333,84.6,83.79,78,5.88,0,IN,Wed Jun  2 15:36:57 2021
52,oktyabrskoye,43.0645,44.7417,60.94,88,0.63,100,RU,Wed Jun  2 15:36:57 2021
53,cozumel,20.5083,-86.9458,88.0,69,5.99,40,MX,Wed Jun  2 15:36:57 2021
54,riyadh,24.6877,46.7219,95.05,8,4.61,0,SA,Wed Jun  2 15:36:58 2021
55,aklavik,68.2191,-135.0107,36.32,86,4.61,90,CA,Wed Jun  2 15:36:58 2021
56,belaya gora,68.5333,146.4167,60.55,32,11.18,0,RU,Wed Jun  2 15:36:59 2021
57,georgetown,5.4112,100.3354,82.89,91,1.99,20,MY,Wed Jun  2 15:36:54 2021
58,hilo,19.7297,-155.09,78.8,76,3.44,90,US,Wed Jun  2 15:37:00 2021
59,mataura,-46.1927,168.8643,49.48,97,2.75,25,NZ,Wed Jun  2 15:37:01 2021
60,lompoc,34.6391,-120.4579,91.02,68,13.8,1,US,Wed Jun  2 15:37:01 2021
61,tuatapere,-46.1333,167.6833,49.82,90,4.81,45,NZ,Wed Jun  2 15:37:01 2021
62,kurilsk,45.2333,147.8833,45.18,72,2.35,28,RU,Wed Jun  2 15:37:02 2021
63,khash,28.2211,61.2158,84.07,9,6.04,0,IR,Wed Jun  2 15:37:02 2021
64,peniche,39.3558,-9.3811,63.88,79,21.14,72,PT,Wed Jun  2 15:37:03 2021
65,beyneu,45.3167,55.2,88.93,25,13.4,0,KZ,Wed Jun  2 15:37:03 2021
66,goderich,43.7501,-81.7165,78.03,35,5.75,100,CA,Wed Jun  2 15:28:21 2021
67,nemuro,43.3236,145.575,48.27,100,6.02,100,JP,Wed Jun  2 15:29:37 2021
68,tasiilaq,65.6145,-37.6368,39.36,81,5.39,33,GL,Wed Jun  2 15:37:04 2021
69,new norfolk,-42.7826,147.0587,51.93,76,1.01,77,AU,Wed Jun  2 15:37:04 2021
70,thompson,55.7435,-97.8558,78.96,34,12.66,75,CA,Wed Jun  2 15:37:05 2021
71,severo-kurilsk,50.6789,156.125,41.61,89,9.46,26,RU,Wed Jun  2 15:37:05 2021
72,hasaki,35.7333,140.8333,63.28,79,7.18,9,JP,Wed Jun  2 15:27:52 2021
73,katsuura,35.1333,140.3,69.12,82,8.88,4,JP,Wed Jun  2 15:37:06 2021
74,banda aceh,5.5577,95.3222,80.17,83,7.0,100,ID,Wed Jun  2 15:30:13 2021
75,quatre cocos,-20.2078,57.7625,76.08,68,17.78,90,MU,Wed Jun  2 15:29:53 2021
76,tiksi,71.6872,128.8694,47.05,83,10.33,100,RU,Wed Jun  2 15:37:07 2021
77,isangel,-19.55,169.2667,69.85,65,7.61,33,VU,Wed Jun  2 15:34:07 2021
78,zabaykalsk,49.6333,117.3167,51.82,77,10.65,100,RU,Wed Jun  2 15:37:07 2021
79,tyrma,50.0833,132.1667,47.48,91,3.58,100,RU,Wed Jun  2 15:37:08 2021
80,nanakuli,21.3906,-158.1547,83.1,59,8.75,20,US,Wed Jun  2 15:37:08 2021
81,cape town,-33.9258,18.4232,62.11,78,3.0,0,ZA,Wed Jun  2 15:36:45 2021
82,athens,37.9795,23.7162,69.26,66,1.99,20,GR,Wed Jun  2 15:34:38 2021
83,upernavik,72.7868,-56.1549,32.16,82,7.87,100,GL,Wed Jun  2 15:37:11 2021
84,pahalgam,34.0333,75.3333,50.77,79,4.72,100,IN,Wed Jun  2 15:37:13 2021
85,safaga,26.7292,33.9365,87.75,31,17.98,0,EG,Wed Jun  2 15:37:14 2021
86,yanam,16.7333,82.2167,82.27,87,2.48,2,IN,Wed Jun  2 15:37:15 2021
87,east london,-33.0153,27.9116,60.76,82,18.63,74,ZA,Wed Jun  2 15:37:16 2021
88,caravelas,-17.7125,-39.2481,75.38,79,5.77,93,BR,Wed Jun  2 15:32:27 2021
89,chuy,-33.6971,-53.4616,59.76,63,10.94,87,UY,Wed Jun  2 15:37:20 2021
90,airai,-8.9266,125.4092,55.04,87,2.93,53,TL,Wed Jun  2 15:37:22 2021
91,nikolskoye,59.7035,30.7861,60.69,79,5.12,43,RU,Wed Jun  2 15:37:23 2021
92,solnechnyy,50.7214,136.6319,49.59,89,4.27,87,RU,Wed Jun  2 15:37:25 2021
93,soe,-9.8607,124.284,63.43,96,4.32,100,ID,Wed Jun  2 15:37:27 2021
94,tilichiki,60.4667,166.1,45.81,62,2.08,14,RU,Wed Jun  2 15:37:28 2021
95,torbay,47.6666,-52.7314,71.89,58,27.63,20,CA,Wed Jun  2 15:35:28 2021
96,khromtau,50.2503,58.4347,66.47,47,8.03,6,KZ,Wed Jun  2 15:37:30 2021
97,iqaluit,63.7506,-68.5145,33.53,93,11.01,90,CA,Wed Jun  2 15:35:43 2021
98,ishigaki,24.3448,124.1572,82.67,86,15.28,98,JP,Wed Jun  2 15:37:31 2021
99,southbridge,42.0751,-72.0334,81.61,42,7.85,100,US,Wed Jun  2 15:37:31 2021
100,llanes,43.4198,-4.7549,62.28,90,2.3,81,ES,Wed Jun  2 15:37:32 2021
101,pangnirtung,66.1451,-65.7125,33.8,93,9.22,90,CA,Wed Jun  2 15:37:32 2021
102,bam,29.106,58.357,94.28,7,2.95,18,IR,Wed Jun  2 15:37:32 2021
103,chokurdakh,70.6333,147.9167,65.5,24,1.57,15,RU,Wed Jun  2 15:37:33 2021
104,bikaner,28.0167,73.3,90.73,38,16.15,0,IN,Wed Jun  2 15:37:33 2021
105,castro,-24.7911,-50.0119,63.5,86,5.12,48,BR,Wed Jun  2 15:37:34 2021
106,baghdad,33.3406,44.4009,91.31,21,17.02,0,IQ,Wed Jun  2 15:37:34 2021
107,half moon bay,37.4636,-122.4286,83.5,68,9.22,75,US,Wed Jun  2 15:37:35 2021
108,bure,10.7,37.0667,62.64,78,1.01,100,ET,Wed Jun  2 15:37:37 2021
109,puerto ayora,-0.7393,-90.3518,80.56,80,5.99,92,EC,Wed Jun  2 15:37:39 2021
110,comodoro rivadavia,-45.8667,-67.5,49.86,57,12.66,0,AR,Wed Jun  2 15:33:31 2021
111,san cristobal,7.7669,-72.225,82.58,55,5.53,72,VE,Wed Jun  2 15:28:46 2021
112,makakilo city,21.3469,-158.0858,81.68,58,9.22,20,US,Wed Jun  2 15:37:41 2021
113,nouadhibou,20.931,-17.0347,69.78,73,21.85,16,MR,Wed Jun  2 15:37:42 2021
114,kalat,29.0225,66.5916,69.44,10,1.41,0,PK,Wed Jun  2 15:37:43 2021
115,yerbogachen,61.2767,108.0108,57.88,50,2.89,0,RU,Wed Jun  2 15:29:27 2021
116,eresos,39.1667,25.9333,67.51,62,7.54,0,GR,Wed Jun  2 15:37:44 2021
117,waipawa,-41.4122,175.5153,45.93,87,4.0,0,NZ,Wed Jun  2 15:37:45 2021
118,narsaq,60.9167,-46.05,50.22,63,13.42,100,GL,Wed Jun  2 15:29:06 2021
119,auki,-8.7676,160.7034,76.91,91,4.94,98,SB,Wed Jun  2 15:37:45 2021
120,bac lieu,9.285,105.7244,82.65,82,7.87,93,VN,Wed Jun  2 15:37:46 2021
121,bandarbeyla,9.4942,50.8122,80.08,80,21.32,100,SO,Wed Jun  2 15:30:08 2021
122,palauig,15.435,119.9045,78.37,95,6.13,100,PH,Wed Jun  2 15:37:46 2021
123,edd,13.9297,41.6925,88.3,67,2.91,11,ER,Wed Jun  2 15:37:47 2021
124,kamaishi,39.2667,141.8833,61.99,92,4.76,6,JP,Wed Jun  2 15:37:50 2021
125,vila velha,-20.3297,-40.2925,80.96,76,1.99,20,BR,Wed Jun  2 15:28:31 2021
126,tres arroyos,-38.3739,-60.2798,50.16,55,10.13,100,AR,Wed Jun  2 15:37:54 2021
127,tabou,4.423,-7.3528,79.86,83,7.49,26,CI,Wed Jun  2 15:37:55 2021
128,iwanai,42.9744,140.5089,53.4,86,6.71,99,JP,Wed Jun  2 15:37:55 2021
129,la primavera,5.4906,-70.4092,84.76,66,4.5,60,CO,Wed Jun  2 15:37:56 2021
130,chapais,49.7834,-74.8492,67.78,56,4.83,98,CA,Wed Jun  2 15:37:57 2021
131,ternate,0.8,127.4,80.56,80,2.39,34,ID,Wed Jun  2 15:37:57 2021
132,razole,16.4833,81.8333,83.16,85,2.33,2,IN,Wed Jun  2 15:37:58 2021
133,mendoza,-32.8908,-68.8272,65.73,37,5.75,0,AR,Wed Jun  2 15:37:58 2021
134,virginia beach,36.8529,-75.978,80.82,73,11.5,75,US,Wed Jun  2 15:36:21 2021
135,broken hill,-31.95,141.4333,49.71,87,9.22,11,AU,Wed Jun  2 15:37:59 2021
136,kavieng,-2.5744,150.7967,80.73,79,6.24,97,PG,Wed Jun  2 15:37:59 2021
137,hobart,-42.8794,147.3294,52.27,79,5.82,89,AU,Wed Jun  2 15:38:00 2021
138,san pedro de macoris,18.4616,-69.2972,88.41,72,8.9,100,DO,Wed Jun  2 15:38:00 2021
139,goma,-1.6792,29.2228,63.54,87,1.99,100,CD,Wed Jun  2 15:38:00 2021
140,husavik,66.0449,-17.3389,55.31,76,4.41,23,IS,Wed Jun  2 15:31:15 2021
141,bonito,-21.1211,-56.4819,87.71,33,5.55,51,BR,Wed Jun  2 15:38:02 2021
142,krasnoselkup,65.7,82.4667,36.82,68,9.28,99,RU,Wed Jun  2 15:38:04 2021
143,ahipara,-35.1667,173.1667,56.17,78,5.28,100,NZ,Wed Jun  2 15:38:05 2021
144,cabo san lucas,22.8909,-109.9124,95.5,47,6.58,26,MX,Wed Jun  2 15:33:21 2021
145,meadow lake,34.8014,-106.5436,84.15,19,5.3,100,US,Wed Jun  2 15:38:07 2021
146,boguchany,58.3814,97.4531,54.81,59,3.65,60,RU,Wed Jun  2 15:38:09 2021
147,guerrero negro,27.9769,-114.0611,71.85,52,14.14,5,MX,Wed Jun  2 15:38:09 2021
148,sheltozero,61.3667,35.3667,49.86,68,5.84,90,RU,Wed Jun  2 15:38:10 2021
149,mount gambier,-37.8333,140.7667,42.71,100,6.91,90,AU,Wed Jun  2 15:38:10 2021
150,leningradskiy,69.3833,178.4167,28.26,89,10.47,44,RU,Wed Jun  2 15:38:11 2021
151,ushtobe,45.2514,77.9838,74.32,37,9.28,30,KZ,Wed Jun  2 15:38:11 2021
152,marsh harbour,26.5412,-77.0636,78.08,82,18.28,99,BS,Wed Jun  2 15:35:28 2021
153,salym,60.0625,71.4789,38.62,66,3.4,5,RU,Wed Jun  2 15:38:13 2021
154,barrow,71.2906,-156.7887,28.42,74,18.41,90,US,Wed Jun  2 15:38:14 2021
155,kindu,-2.95,25.95,68.18,97,3.18,89,CD,Wed Jun  2 15:38:14 2021
156,kaitangata,-46.2817,169.8464,42.82,89,6.73,14,NZ,Wed Jun  2 15:38:14 2021
157,qaanaaq,77.484,-69.3632,27.93,78,3.13,99,GL,Wed Jun  2 15:38:15 2021
158,sokoni,-6.4333,39.55,76.86,77,10.78,42,TZ,Wed Jun  2 15:38:15 2021
159,saint-philippe,-21.3585,55.7679,74.79,84,15.52,97,RE,Wed Jun  2 15:29:38 2021
160,san vicente,-26.6167,-54.1333,66.31,89,2.68,83,AR,Wed Jun  2 15:38:16 2021
161,novyy urengoy,66.0833,76.6333,36.39,66,7.23,83,RU,Wed Jun  2 15:38:16 2021
162,flin flon,54.7682,-101.865,82.24,30,10.27,75,CA,Wed Jun  2 15:38:17 2021
163,angoche,-16.2325,39.9086,74.26,81,6.15,64,MZ,Wed Jun  2 15:38:19 2021
164,carnarvon,-24.8667,113.6333,55.47,82,8.05,100,AU,Wed Jun  2 15:38:20 2021
165,larap,14.299,122.6504,78.62,85,5.97,100,PH,Wed Jun  2 15:38:23 2021
166,jedburgh,55.48,-2.552,55.92,90,6.22,97,GB,Wed Jun  2 15:38:24 2021
167,fort nelson,58.8053,-122.7002,74.79,41,4.61,75,CA,Wed Jun  2 15:38:27 2021
168,gat,31.61,34.7642,72.81,100,7.18,0,IL,Wed Jun  2 15:38:28 2021
169,payo,-3.7508,103.6372,72.28,97,2.1,44,ID,Wed Jun  2 15:38:29 2021
170,santa barbara,34.7333,-120.0343,96.35,37,9.53,1,US,Wed Jun  2 15:34:55 2021
171,miraflores,19.2167,-98.8083,72.25,77,2.77,100,MX,Wed Jun  2 15:29:41 2021
172,souillac,-20.5167,57.5167,76.35,64,17.31,20,MU,Wed Jun  2 15:38:34 2021
173,alta,69.9689,23.2717,67.24,45,4.61,0,NO,Wed Jun  2 15:38:35 2021
174,ilanskiy,56.2358,96.065,55.92,66,4.38,16,RU,Wed Jun  2 15:38:36 2021
175,marzuq,14.4,46.4667,79.16,52,3.31,100,YE,Wed Jun  2 15:38:37 2021
176,kovdor,67.5662,30.4758,60.01,57,3.94,97,RU,Wed Jun  2 15:38:37 2021
177,beringovskiy,63.05,179.3167,31.89,79,7.83,24,RU,Wed Jun  2 15:29:26 2021
178,faanui,-16.4833,-151.75,80.55,71,13.6,100,PF,Wed Jun  2 15:25:01 2021
179,kahului,20.8947,-156.47,84.94,58,16.11,20,US,Wed Jun  2 15:38:38 2021
180,manuk mangkaw,4.8,119.85,83.88,75,12.57,94,PH,Wed Jun  2 15:38:38 2021
181,auburn,47.3073,-122.2284,87.76,50,1.99,0,US,Wed Jun  2 15:38:39 2021
182,meiringen,46.7268,8.184,62.89,89,0.0,90,CH,Wed Jun  2 15:38:39 2021
183,matagami,49.7502,-77.6328,77.11,27,12.3,40,CA,Wed Jun  2 15:33:35 2021
184,vao,-22.6667,167.4833,69.67,67,7.27,57,NC,Wed Jun  2 15:38:40 2021
185,bethel,41.3712,-73.414,77.85,63,12.66,40,US,Wed Jun  2 15:38:41 2021
186,saint-augustin,51.226,-58.6502,60.57,52,12.71,55,CA,Wed Jun  2 15:32:26 2021
187,mut,36.6439,33.4389,66.63,40,6.6,0,TR,Wed Jun  2 15:38:42 2021
188,kruisfontein,-34.0033,24.7314,53.89,93,10.87,100,ZA,Wed Jun  2 15:38:42 2021
189,esperance,-33.8667,121.9,55.24,73,7.83,73,AU,Wed Jun  2 15:38:43 2021
190,shubarkuduk,49.1447,56.4872,72.07,61,7.7,87,KZ,Wed Jun  2 15:38:43 2021
191,hede,33.7681,120.2517,67.53,92,3.38,100,CN,Wed Jun  2 15:38:44 2021
192,zhigansk,66.7697,123.3711,55.89,74,13.69,100,RU,Wed Jun  2 15:38:44 2021
193,aksu,41.1231,80.2644,74.48,33,10.0,99,CN,Wed Jun  2 15:38:44 2021
194,kattivakkam,13.2167,80.3167,86.07,90,12.17,54,IN,Wed Jun  2 15:38:45 2021
195,sangar,63.9242,127.4739,53.55,68,3.49,7,RU,Wed Jun  2 15:38:46 2021
196,san patricio,28.017,-97.5169,91.02,56,10.6,40,US,Wed Jun  2 15:38:47 2021
197,okhotsk,59.3833,143.3,38.79,88,4.9,100,RU,Wed Jun  2 15:31:51 2021
198,yar-sale,66.8333,70.8333,34.84,93,12.8,100,RU,Wed Jun  2 15:32:35 2021
199,talnakh,69.4865,88.3972,33.12,90,6.11,100,RU,Wed Jun  2 15:38:48 2021
200,gua musang,4.8823,101.9644,74.48,97,1.54,64,MY,Wed Jun  2 15:38:48 2021
201,jawhar,2.7809,45.5005,75.29,84,10.42,35,SO,Wed Jun  2 15:38:49 2021
202,benguela,-12.5763,13.4055,75.0,82,3.76,15,AO,Wed Jun  2 15:38:49 2021
203,manokwari,-0.8667,134.0833,78.58,85,9.01,100,ID,Wed Jun  2 15:38:50 2021
204,wad rawah,15.1603,33.1397,98.37,23,12.39,100,SD,Wed Jun  2 15:38:50 2021
205,arcachon,44.5875,-1.0519,77.32,57,8.05,0,FR,Wed Jun  2 15:38:50 2021
206,mahebourg,-20.4081,57.7,76.24,64,14.97,20,MU,Wed Jun  2 15:38:51 2021
207,kangaatsiaq,68.3065,-53.4641,36.93,71,9.73,12,GL,Wed Jun  2 15:38:52 2021
208,ponta do sol,32.6667,-17.1,65.12,55,9.48,96,PT,Wed Jun  2 15:38:54 2021
209,taoudenni,22.6783,-3.9836,105.39,9,7.63,38,ML,Wed Jun  2 15:31:34 2021
210,tanete,-3.9443,119.7848,72.5,88,3.83,28,ID,Wed Jun  2 15:38:56 2021
211,margate,51.3813,1.3862,72.18,65,1.01,19,GB,Wed Jun  2 15:27:57 2021
212,pag,44.445,15.0575,61.38,65,3.8,0,HR,Wed Jun  2 15:38:59 2021
213,lakhimpur,27.95,80.7667,85.33,40,6.24,0,IN,Wed Jun  2 15:39:00 2021
214,babayurt,43.6002,46.7789,66.56,74,10.67,81,RU,Wed Jun  2 15:39:01 2021
215,lakes entrance,-37.8811,147.981,52.18,84,9.15,100,AU,Wed Jun  2 15:39:01 2021
216,keflavik,64.0049,-22.5624,48.52,71,12.66,75,IS,Wed Jun  2 15:39:02 2021
217,pacific grove,36.6177,-121.9166,83.8,79,5.01,40,US,Wed Jun  2 15:39:02 2021
218,koumac,-20.5667,164.2833,67.89,69,5.41,81,NC,Wed Jun  2 15:39:03 2021
219,fria,10.4167,-13.5833,71.73,97,6.04,92,GN,Wed Jun  2 15:39:03 2021
220,vanimo,-2.6741,141.3028,76.3,86,3.09,96,PG,Wed Jun  2 15:39:03 2021
221,nishihara,26.1842,127.7558,80.65,91,8.77,75,JP,Wed Jun  2 15:39:04 2021
222,boden,65.8252,21.6886,55.4,59,4.63,9,SE,Wed Jun  2 15:39:04 2021
223,provideniya,64.3833,-173.3,35.71,64,2.24,20,RU,Wed Jun  2 15:27:13 2021
224,kenai,60.5544,-151.2583,59.02,56,5.75,75,US,Wed Jun  2 15:39:05 2021
225,bathsheba,13.2167,-59.5167,86.61,54,13.42,40,BB,Wed Jun  2 15:29:07 2021
226,axim,4.8699,-2.2405,80.64,82,8.28,100,GH,Wed Jun  2 15:32:15 2021
227,lata,40.1629,-8.3327,65.71,87,6.22,100,PT,Wed Jun  2 15:33:10 2021
228,paita,-5.0892,-81.1144,77.56,73,15.99,56,PE,Wed Jun  2 15:39:07 2021
229,phalaborwa,-23.943,31.1411,58.28,73,4.7,2,ZA,Wed Jun  2 15:39:08 2021
230,mehamn,71.0357,27.8492,64.58,47,5.75,0,NO,Wed Jun  2 15:39:08 2021
231,yaan,7.3833,8.5667,81.82,66,10.85,11,NG,Wed Jun  2 15:39:09 2021
232,amroha,28.9167,78.4667,84.74,42,3.67,3,IN,Wed Jun  2 15:39:09 2021
233,omsukchan,62.5333,155.8,44.04,57,3.56,44,RU,Wed Jun  2 15:39:09 2021
234,cayenne,4.9333,-52.3333,86.04,76,5.01,20,GF,Wed Jun  2 15:39:10 2021
235,manta,-0.95,-80.7333,80.38,74,9.22,75,EC,Wed Jun  2 15:39:10 2021
236,necochea,-38.5473,-58.7368,52.11,61,16.17,100,AR,Wed Jun  2 15:39:11 2021
237,barbacoas,1.6715,-78.1398,81.32,84,5.64,96,CO,Wed Jun  2 15:39:11 2021
238,kilindoni,-7.9139,39.6668,78.78,75,10.16,87,TZ,Wed Jun  2 15:39:12 2021
239,lagoa,39.05,-27.9833,59.56,64,7.34,39,PT,Wed Jun  2 15:39:12 2021
240,yatou,37.15,122.3833,62.56,96,11.74,100,CN,Wed Jun  2 15:39:13 2021
241,flinders,-34.5833,150.8552,54.37,85,1.01,100,AU,Wed Jun  2 15:39:13 2021
242,coihaique,-45.5752,-72.0662,43.41,87,5.75,90,CL,Wed Jun  2 15:39:13 2021
243,mastic beach,40.7668,-72.8521,74.53,71,1.01,1,US,Wed Jun  2 15:39:14 2021
244,ambulu,-8.345,113.6058,73.17,86,1.88,84,ID,Wed Jun  2 15:39:14 2021
245,stirling,56.119,-3.9368,59.18,89,9.24,99,GB,Wed Jun  2 15:39:14 2021
246,codrington,-38.2667,141.9667,48.4,90,6.78,37,AU,Wed Jun  2 15:32:07 2021
247,filadelfia,39.9523,-75.1638,79.9,53,1.99,75,US,Wed Jun  2 15:35:55 2021
248,longyearbyen,78.2186,15.6401,39.04,81,26.46,90,SJ,Wed Jun  2 15:39:17 2021
249,korgen,66.0771,13.8153,69.93,57,5.84,16,NO,Wed Jun  2 15:39:17 2021
250,riwaka,-41.0833,173.0,46.6,81,3.87,0,NZ,Wed Jun  2 15:39:18 2021
251,ostrovnoy,68.0531,39.5131,45.27,86,3.87,65,RU,Wed Jun  2 15:39:18 2021
252,mount isa,-20.7333,139.5,62.37,94,13.8,75,AU,Wed Jun  2 15:39:19 2021
253,alto araguaia,-17.3147,-53.2153,75.09,58,6.8,77,BR,Wed Jun  2 15:39:19 2021
254,mar del plata,-38.0023,-57.5575,54.09,62,1.01,0,AR,Wed Jun  2 15:39:20 2021
255,grindavik,63.8424,-22.4338,48.15,71,8.77,75,IS,Wed Jun  2 15:39:20 2021
256,srednekolymsk,67.45,153.6833,63.43,30,5.39,41,RU,Wed Jun  2 15:39:20 2021
257,kristiansund,63.1115,7.732,66.25,51,4.61,0,NO,Wed Jun  2 15:39:21 2021
258,korcula,42.9622,17.1369,68.56,65,3.78,0,HR,Wed Jun  2 15:39:21 2021
259,wanning,18.8003,110.3967,81.72,94,8.34,100,CN,Wed Jun  2 15:39:23 2021
260,ponta pora,-22.5361,-55.7256,82.31,47,4.61,20,BR,Wed Jun  2 15:39:24 2021
261,port macquarie,-31.4333,152.9167,51.39,76,6.46,96,AU,Wed Jun  2 15:31:28 2021
262,tautira,-17.7333,-149.15,82.42,70,9.4,79,PF,Wed Jun  2 15:39:26 2021
263,novo aripuana,-5.1206,-60.3797,90.9,46,3.87,30,BR,Wed Jun  2 15:39:27 2021
264,kurchum,48.5722,83.6542,64.58,72,2.33,87,KZ,Wed Jun  2 15:39:28 2021
265,filingue,14.3521,3.3168,97.81,17,4.56,53,NE,Wed Jun  2 15:39:29 2021
266,nagorsk,59.3172,50.8078,43.56,61,5.1,2,RU,Wed Jun  2 15:39:30 2021
267,sembe,1.6481,14.5806,71.4,97,2.3,12,CG,Wed Jun  2 15:39:30 2021
268,arman,59.7,150.1667,40.87,88,0.87,65,RU,Wed Jun  2 15:39:31 2021
269,sobolevo,54.4299,31.8996,50.58,83,7.92,9,RU,Wed Jun  2 15:29:11 2021
270,tessalit,20.1986,1.0114,97.97,7,2.04,7,ML,Wed Jun  2 15:33:07 2021
271,chinchina,4.9825,-75.6036,76.91,70,2.06,69,CO,Wed Jun  2 15:39:31 2021
272,kanel,15.4916,-13.1763,99.46,21,1.81,3,SN,Wed Jun  2 15:39:32 2021
273,anadyr,64.75,177.4833,36.1,64,8.01,0,RU,Wed Jun  2 15:39:32 2021
274,arraial do cabo,-22.9661,-42.0278,78.76,78,13.8,0,BR,Wed Jun  2 15:39:33 2021
275,asyut,27.181,31.1837,86.18,19,16.82,0,EG,Wed Jun  2 15:39:33 2021
276,evanston,42.0411,-87.6901,80.82,46,3.0,75,US,Wed Jun  2 15:34:43 2021
277,bengkulu,-3.8004,102.2655,76.93,85,4.85,55,ID,Wed Jun  2 15:39:35 2021
278,lorengau,-2.0226,147.2712,77.04,93,2.17,100,PG,Wed Jun  2 15:39:36 2021
279,vallenar,-28.5708,-70.7581,83.89,19,5.08,0,CL,Wed Jun  2 15:39:36 2021
280,maryborough,-25.5333,152.7,56.89,96,2.33,41,AU,Wed Jun  2 15:39:36 2021
281,newark,40.7357,-74.1724,79.21,58,6.91,90,US,Wed Jun  2 15:33:39 2021
282,beloha,-25.1667,45.05,67.28,95,8.05,29,MG,Wed Jun  2 15:30:27 2021
283,creel,27.75,-107.6333,62.06,40,14.32,100,MX,Wed Jun  2 15:39:37 2021
284,mayumba,-3.432,10.6554,76.03,89,3.91,15,GA,Wed Jun  2 15:31:21 2021
285,kommunar,59.6206,30.39,60.33,75,5.84,26,RU,Wed Jun  2 15:39:40 2021
286,launceston,-41.45,147.1667,51.15,98,3.0,90,AU,Wed Jun  2 15:39:42 2021
287,tinskoy,56.1525,96.9161,54.43,71,3.65,3,RU,Wed Jun  2 15:39:43 2021
288,mantua,45.1667,10.7833,74.35,69,4.79,28,IT,Wed Jun  2 15:39:43 2021
289,jiexiu,37.0244,111.9125,64.62,15,6.2,100,CN,Wed Jun  2 15:39:44 2021
290,tagusao,9.1924,117.8141,80.28,82,3.13,100,PH,Wed Jun  2 15:39:44 2021
291,fare,-16.7,-151.0167,80.51,72,14.25,73,PF,Wed Jun  2 15:39:45 2021
292,aykhal,66.0,111.5,58.12,63,3.94,76,RU,Wed Jun  2 15:39:45 2021
293,brockville,44.5834,-75.6826,82.18,46,1.01,97,CA,Wed Jun  2 15:39:46 2021
294,basoko,1.2391,23.616,72.82,89,2.93,1,CD,Wed Jun  2 15:39:46 2021
295,rovinj,45.08,13.64,64.22,70,4.61,4,HR,Wed Jun  2 15:39:47 2021
296,twentynine palms,34.1356,-116.0542,103.14,7,8.68,91,US,Wed Jun  2 15:39:47 2021
297,manitouwadge,49.1215,-85.8403,57.92,44,14.03,16,CA,Wed Jun  2 15:39:49 2021
298,dunedin,-45.8742,170.5036,48.79,85,3.0,4,NZ,Wed Jun  2 15:39:50 2021
299,manjacaze,-24.7117,33.8828,60.84,98,3.83,15,MZ,Wed Jun  2 15:39:51 2021
300,bastrop,32.7562,-91.8724,83.88,65,9.22,75,US,Wed Jun  2 15:39:51 2021
301,beian,63.6559,9.5683,59.0,67,3.44,0,NO,Wed Jun  2 15:39:52 2021
302,salamanca,40.8333,-6.0,67.78,66,8.55,2,ES,Wed Jun  2 15:35:46 2021
303,sabha,27.0377,14.4283,93.92,13,9.84,100,LY,Wed Jun  2 15:30:57 2021
304,shelburne,44.0787,-80.2041,75.27,51,7.92,100,CA,Wed Jun  2 15:39:53 2021
305,erdaojiang,41.7764,126.0319,53.13,98,3.69,100,CN,Wed Jun  2 15:39:53 2021
306,waitati,-45.75,170.5667,48.79,85,5.12,0,NZ,Wed Jun  2 15:39:54 2021
307,te anau,-45.4167,167.7167,42.89,93,1.72,58,NZ,Wed Jun  2 15:39:55 2021
308,otradnoye,59.7775,30.8181,60.85,79,5.01,49,RU,Wed Jun  2 15:38:19 2021
309,mudanjiang,44.5833,129.6,56.16,92,13.0,100,CN,Wed Jun  2 15:39:56 2021
310,cherskiy,68.75,161.3,55.36,34,8.7,26,RU,Wed Jun  2 15:39:56 2021
311,fairbanks,64.8378,-147.7164,63.1,65,4.61,90,US,Wed Jun  2 15:35:26 2021
312,tromso,69.6496,18.957,68.65,45,5.75,0,NO,Wed Jun  2 15:39:57 2021
313,cap malheureux,-19.9842,57.6142,76.46,67,5.01,49,MU,Wed Jun  2 15:39:58 2021
314,talavera,15.6167,120.9333,78.08,85,11.3,100,PH,Wed Jun  2 15:39:58 2021
315,paracuru,-3.41,-39.0306,84.22,76,12.26,35,BR,Wed Jun  2 15:39:58 2021
316,itaueira,-7.6033,-43.0256,94.32,27,3.67,14,BR,Wed Jun  2 15:39:59 2021
317,rampur,28.8167,79.0333,84.16,42,5.93,1,IN,Wed Jun  2 15:39:59 2021
318,havre-saint-pierre,50.2334,-63.5986,59.36,58,21.85,1,CA,Wed Jun  2 15:37:14 2021
319,pryazha,61.6926,33.6216,51.03,73,1.3,95,RU,Wed Jun  2 15:40:00 2021
320,alugan,12.2188,125.4808,77.41,83,4.32,100,PH,Wed Jun  2 15:40:01 2021
321,puerto escondido,15.85,-97.0667,90.43,62,14.97,40,MX,Wed Jun  2 15:40:01 2021
322,arlit,18.7369,7.3853,94.33,8,2.59,93,NE,Wed Jun  2 15:40:03 2021
323,sorong,-0.8833,131.25,78.21,88,5.21,79,ID,Wed Jun  2 15:40:07 2021
324,la sarre,48.8002,-79.1996,72.46,36,9.15,94,CA,Wed Jun  2 15:40:07 2021
325,fortuna,40.5982,-124.1573,89.47,86,8.05,20,US,Wed Jun  2 15:40:08 2021
326,roald,62.5833,6.1333,66.25,55,3.44,0,NO,Wed Jun  2 15:40:08 2021
327,simpang,-1.2667,104.0833,74.95,97,3.06,78,ID,Wed Jun  2 15:40:09 2021
328,mitu,1.1983,-70.1733,79.88,88,2.55,90,CO,Wed Jun  2 15:40:01 2021
329,kailua,21.4022,-157.7394,83.14,69,11.86,97,US,Wed Jun  2 15:40:09 2021
330,humaita,-7.5061,-63.0208,93.16,34,1.39,0,BR,Wed Jun  2 15:40:10 2021
331,saldanha,-33.0117,17.9442,60.85,85,14.5,25,ZA,Wed Jun  2 15:40:10 2021
332,ridgecrest,35.6225,-117.6709,106.65,10,1.99,40,US,Wed Jun  2 15:37:22 2021
333,gornopravdinsk,60.05,69.9,39.49,64,2.91,5,RU,Wed Jun  2 15:40:11 2021
334,cururupu,-1.8283,-44.8683,81.32,80,4.23,15,BR,Wed Jun  2 15:40:11 2021
335,qui nhon,13.7667,109.2333,82.38,76,3.27,100,VN,Wed Jun  2 15:40:12 2021
336,entre rios,-11.9419,-38.0844,72.03,95,4.99,55,BR,Wed Jun  2 15:40:13 2021
337,jibuti,11.5,42.5,82.08,60,18.59,55,DJ,Wed Jun  2 15:37:07 2021
338,tevaitoa,-16.7833,-151.5,80.56,71,13.62,84,PF,Wed Jun  2 15:40:16 2021
339,mengcheng,33.2579,116.5655,69.37,79,20.04,100,CN,Wed Jun  2 15:40:18 2021
340,coquimbo,-29.9533,-71.3436,56.93,94,9.51,90,CL,Wed Jun  2 15:40:19 2021
341,biak,-0.9131,122.8766,75.31,80,5.23,100,ID,Wed Jun  2 15:40:20 2021
342,norman wells,65.282,-126.8329,48.24,71,9.22,75,CA,Wed Jun  2 15:40:21 2021
343,salmas,38.1973,44.7653,67.19,30,8.48,0,IR,Wed Jun  2 15:40:22 2021
344,chongwe,-15.3292,28.682,62.96,68,3.38,61,ZM,Wed Jun  2 15:40:22 2021
345,manati,18.4275,-66.4921,85.89,75,16.2,100,PR,Wed Jun  2 15:40:22 2021
346,reconquista,-29.15,-59.65,69.48,54,5.93,100,AR,Wed Jun  2 15:40:23 2021
347,waingapu,-9.6567,120.2641,76.01,86,6.91,4,ID,Wed Jun  2 15:40:23 2021
348,codajas,-3.8367,-62.0569,83.1,69,1.95,97,BR,Wed Jun  2 15:40:24 2021
349,marsa matruh,31.3525,27.2453,68.61,60,8.12,0,EG,Wed Jun  2 15:40:24 2021
350,san quintin,30.4833,-115.95,67.78,67,11.63,7,MX,Wed Jun  2 15:40:24 2021
351,tulun,54.5611,100.5792,50.5,78,4.5,3,RU,Wed Jun  2 15:40:25 2021
352,lebu,-37.6167,-73.65,55.89,92,10.29,100,CL,Wed Jun  2 15:40:25 2021
353,san jose,37.3394,-121.895,84.54,58,6.91,20,US,Wed Jun  2 15:36:05 2021
354,linxia,35.6003,103.2064,52.05,61,0.85,100,CN,Wed Jun  2 15:40:28 2021
355,sambava,-14.2667,50.1667,72.52,89,10.2,72,MG,Wed Jun  2 15:40:28 2021
356,acapulco,16.8634,-99.8901,87.62,62,8.95,75,MX,Wed Jun  2 15:40:28 2021
357,barrancabermeja,7.0653,-73.8547,92.5,49,2.86,40,CO,Wed Jun  2 15:40:30 2021
358,dauphin,51.1494,-100.0502,87.94,22,23.02,1,CA,Wed Jun  2 15:40:30 2021
359,jumla,29.2747,82.1838,54.14,85,3.0,25,NP,Wed Jun  2 15:40:31 2021
360,khuzdar,27.7384,66.6434,82.29,45,5.28,0,PK,Wed Jun  2 15:40:31 2021
361,booue,-0.0921,11.9385,73.33,95,2.1,45,GA,Wed Jun  2 15:40:32 2021
362,vilyuysk,63.7553,121.6247,56.5,75,5.3,90,RU,Wed Jun  2 15:40:32 2021
363,bereda,43.2686,-7.5406,58.57,99,3.89,85,ES,Wed Jun  2 15:40:33 2021
364,honiara,-9.4333,159.95,77.95,82,5.21,88,SB,Wed Jun  2 15:40:33 2021
365,domoni,-12.2569,44.5319,75.88,79,3.29,98,KM,Wed Jun  2 15:40:34 2021
366,kaseda,31.4167,130.3167,70.14,93,13.6,100,JP,Wed Jun  2 15:40:34 2021
367,sisimiut,66.9395,-53.6735,39.33,68,7.31,100,GL,Wed Jun  2 15:40:34 2021
368,gizo,-8.103,156.8419,80.83,79,6.53,88,SB,Wed Jun  2 15:40:35 2021
369,henties bay,-22.116,14.2845,64.96,56,6.15,0,NA,Wed Jun  2 15:40:35 2021
370,pachperwa,27.5167,82.65,83.17,54,6.42,0,IN,Wed Jun  2 15:40:36 2021
371,la rioja,42.25,-2.5,69.58,62,7.23,42,ES,Wed Jun  2 15:40:36 2021
372,qingdao,36.0986,120.3719,65.8,94,10.65,90,CN,Wed Jun  2 15:36:16 2021
373,helong,42.5397,128.9972,55.51,97,1.52,100,CN,Wed Jun  2 15:40:37 2021
374,ballina,-28.8667,153.5667,55.36,95,2.3,100,AU,Wed Jun  2 15:40:37 2021
375,valparaiso,-33.0393,-71.6273,75.43,56,17.27,0,CL,Wed Jun  2 15:37:15 2021
376,marsaxlokk,35.8419,14.5431,69.08,83,16.11,0,MT,Wed Jun  2 15:40:39 2021
377,tigre,-34.426,-58.5796,63.23,41,10.36,0,AR,Wed Jun  2 15:40:40 2021
378,bambous virieux,-20.3428,57.7575,76.21,64,18.01,20,MU,Wed Jun  2 15:40:40 2021
379,tolaga bay,-38.3667,178.3,47.71,79,3.47,55,NZ,Wed Jun  2 15:40:41 2021
380,pasighat,28.0667,95.3333,73.98,96,2.77,17,IN,Wed Jun  2 15:40:41 2021
381,staryy nadym,65.6118,72.6842,37.72,65,13.04,95,RU,Wed Jun  2 15:40:42 2021
382,pervomayskiy,53.2485,40.2871,53.13,67,14.38,90,RU,Wed Jun  2 15:40:42 2021
383,bima,-8.4667,118.7167,74.25,94,3.87,6,ID,Wed Jun  2 15:40:43 2021
384,kaili,-3.4626,120.2147,67.01,87,2.93,96,ID,Wed Jun  2 15:40:43 2021
385,barghat,22.0333,79.7167,83.03,51,6.71,94,IN,Wed Jun  2 15:40:44 2021
386,pangkalanbuun,-2.6833,111.6167,73.94,97,2.55,30,ID,Wed Jun  2 15:40:45 2021
387,bijar,35.8668,47.6051,64.53,26,7.25,0,IR,Wed Jun  2 15:40:46 2021
388,shache,38.4167,77.2406,72.46,29,7.11,65,CN,Wed Jun  2 15:40:46 2021
389,ponta delgada,37.7333,-25.6667,63.32,51,10.36,20,PT,Wed Jun  2 15:36:39 2021
390,namibe,-15.1961,12.1522,71.85,82,5.41,94,AO,Wed Jun  2 15:40:47 2021
391,altay,47.8667,88.1167,66.54,46,4.76,94,CN,Wed Jun  2 15:40:47 2021
392,dixon,38.4455,-121.8233,95.11,38,10.27,1,US,Wed Jun  2 15:40:47 2021
393,vestmannaeyjar,63.4427,-20.2734,49.19,66,6.91,0,IS,Wed Jun  2 15:40:48 2021
394,khorixas,-20.3667,14.9667,66.25,24,8.01,0,NA,Wed Jun  2 15:40:49 2021
395,hirara,24.8,125.2833,81.88,88,13.42,100,JP,Wed Jun  2 15:40:49 2021
396,asau,46.4333,26.4,53.76,77,4.94,100,RO,Wed Jun  2 15:40:50 2021
397,sri aman,1.2376,111.4621,77.09,94,0.0,99,MY,Wed Jun  2 15:40:50 2021
398,north bend,43.4065,-124.2243,85.95,79,10.36,20,US,Wed Jun  2 15:40:51 2021
399,namatanai,-3.6667,152.4333,78.13,84,4.25,72,PG,Wed Jun  2 15:40:51 2021
400,tual,-5.6667,132.75,82.0,77,18.72,100,ID,Wed Jun  2 15:40:52 2021
401,kieta,-6.2167,155.6333,78.57,83,2.95,88,PG,Wed Jun  2 15:40:52 2021
402,tazovskiy,67.4667,78.7,34.93,72,5.37,100,RU,Wed Jun  2 15:40:53 2021
403,orumiyeh,37.5527,45.0761,67.55,22,8.01,0,IR,Wed Jun  2 15:40:53 2021
404,ekpoma,6.7421,6.139,73.76,91,5.7,20,NG,Wed Jun  2 15:40:53 2021
405,neyshabur,36.2133,58.7958,83.57,23,3.65,0,IR,Wed Jun  2 15:40:54 2021
406,hohhot,40.8106,111.6522,48.49,53,5.84,40,CN,Wed Jun  2 15:39:13 2021
407,skibotn,69.3913,20.2679,62.69,58,1.28,13,NO,Wed Jun  2 15:40:54 2021
408,kisangani,0.5167,25.2,70.59,94,2.66,100,CD,Wed Jun  2 15:40:55 2021
409,trinidad,-14.8333,-64.9,83.64,60,2.95,91,BO,Wed Jun  2 15:40:55 2021
410,pilar,-9.5972,-35.9567,80.53,80,5.5,14,BR,Wed Jun  2 15:37:17 2021
411,kyshtovka,56.555,76.6271,50.76,69,3.11,100,RU,Wed Jun  2 15:40:56 2021
412,bonthe,7.5264,-12.505,81.37,78,8.1,94,SL,Wed Jun  2 15:40:57 2021
413,bayir,37.2687,28.2167,63.43,60,5.46,5,TR,Wed Jun  2 15:40:57 2021
414,khvorostyanka,52.6096,48.9597,56.84,78,15.26,99,RU,Wed Jun  2 15:40:57 2021
415,green valley,31.8543,-110.9937,99.23,13,6.62,38,US,Wed Jun  2 15:40:58 2021
416,kaiu,59.0129,25.0551,58.59,79,5.21,11,EE,Wed Jun  2 15:40:58 2021
417,ovsyanka,55.9575,92.5519,47.37,69,3.85,7,RU,Wed Jun  2 15:40:59 2021
418,alcudia,39.8532,3.1214,75.15,87,7.0,16,ES,Wed Jun  2 15:40:59 2021
419,puerto del rosario,28.5004,-13.8627,71.28,68,11.5,20,ES,Wed Jun  2 15:40:59 2021
420,shubarshi,48.5872,57.1869,75.18,52,5.1,66,KZ,Wed Jun  2 15:41:02 2021
421,altamira,-3.2033,-52.2064,86.09,74,3.44,40,BR,Wed Jun  2 15:41:04 2021
422,labuhan,-6.8844,112.2051,78.03,87,8.25,100,ID,Wed Jun  2 15:41:05 2021
423,kampene,-3.6,26.6667,70.27,88,1.68,89,CD,Wed Jun  2 15:41:05 2021
424,nchelenge,-9.3451,28.734,71.65,65,5.61,100,ZM,Wed Jun  2 15:41:06 2021
425,djougou,9.7085,1.666,82.27,56,4.97,52,BJ,Wed Jun  2 15:41:06 2021
426,dingle,10.9995,122.6711,76.87,91,5.55,100,PH,Wed Jun  2 15:41:07 2021
427,chavakkad,10.5333,76.05,81.77,80,2.93,48,IN,Wed Jun  2 15:41:07 2021
428,pocri,8.2667,-80.55,91.22,57,7.34,100,PA,Wed Jun  2 15:41:08 2021
429,nioro,13.35,-15.75,86.77,40,13.38,8,GM,Wed Jun  2 15:41:08 2021
430,cadillac,44.2519,-85.4012,76.91,31,3.44,40,US,Wed Jun  2 15:41:09 2021
431,camacha,33.0833,-16.3333,62.02,63,13.8,40,PT,Wed Jun  2 15:41:09 2021
432,vidim,56.4088,103.1106,53.67,54,2.53,0,RU,Wed Jun  2 15:41:10 2021
433,oktyabrskiy,54.4815,53.471,50.77,94,8.3,99,RU,Wed Jun  2 15:41:10 2021
434,kudahuvadhoo,2.6708,72.8944,83.28,70,16.08,77,MV,Wed Jun  2 15:41:11 2021
435,lincoln,40.8,-96.667,81.39,34,1.01,1,US,Wed Jun  2 15:40:25 2021
436,antofagasta,-23.65,-70.4,61.88,69,4.74,37,CL,Wed Jun  2 15:41:16 2021
437,sumenep,-7.0167,113.8667,79.21,83,8.34,100,ID,Wed Jun  2 15:41:17 2021
438,koungou,-12.7336,45.2042,73.11,88,5.7,0,YT,Wed Jun  2 15:41:18 2021
439,manavalakurichi,8.1333,77.3,82.49,85,13.76,29,IN,Wed Jun  2 15:41:18 2021
440,ingham,42.6,-84.3833,75.22,63,12.66,90,US,Wed Jun  2 15:41:19 2021
441,gdansk,54.3521,18.6464,58.91,77,6.35,0,PL,Wed Jun  2 15:41:19 2021
442,port blair,11.6667,92.75,82.94,76,3.24,55,IN,Wed Jun  2 15:41:19 2021
443,chibuto,-24.6867,33.5306,59.83,97,3.71,5,MZ,Wed Jun  2 15:41:20 2021
444,colonelganj,27.1333,81.7,88.48,37,5.79,0,IN,Wed Jun  2 15:41:20 2021
445,porto novo,6.4965,2.6036,84.02,77,8.25,72,BJ,Wed Jun  2 15:41:21 2021
446,anito,12.4497,125.2886,76.48,88,3.36,100,PH,Wed Jun  2 15:41:21 2021
447,sao joao da barra,-21.6403,-41.0511,80.69,81,9.82,1,BR,Wed Jun  2 15:41:21 2021
448,oga,46.4631,10.347,50.97,89,2.98,73,IT,Wed Jun  2 15:41:22 2021
449,artyom,40.4723,50.333,78.03,79,25.84,1,AZ,Wed Jun  2 15:41:22 2021
450,marawi,7.9986,124.2928,67.64,84,3.74,100,PH,Wed Jun  2 15:41:51 2021
451,portland,45.5234,-122.6762,87.58,46,1.01,1,US,Wed Jun  2 15:29:50 2021
452,uvalde,29.3669,-99.767,86.52,47,6.55,75,US,Wed Jun  2 15:41:53 2021
453,grand gaube,-20.0064,57.6608,76.37,67,5.01,51,MU,Wed Jun  2 15:41:54 2021
454,jablah,35.3614,35.9256,68.29,60,5.75,0,SY,Wed Jun  2 15:41:54 2021
455,caucaia,-3.7361,-38.6531,84.15,72,8.39,20,BR,Wed Jun  2 15:41:55 2021
456,mindelo,16.8901,-24.9804,76.55,65,16.89,40,CV,Wed Jun  2 15:41:55 2021
457,mayo,38.8876,-76.5119,84.38,67,3.0,1,US,Wed Jun  2 15:41:56 2021
458,kashary,49.04,41.0056,58.55,97,7.61,98,RU,Wed Jun  2 15:41:56 2021
459,alice springs,-23.7,133.8833,49.55,71,6.76,23,AU,Wed Jun  2 15:41:56 2021
460,port lincoln,-34.7333,135.8667,59.25,78,13.02,88,AU,Wed Jun  2 15:41:57 2021
461,kungurtug,50.5994,97.5228,46.13,52,2.21,99,RU,Wed Jun  2 15:41:57 2021
462,hay river,60.8156,-115.7999,60.78,59,8.05,75,CA,Wed Jun  2 15:38:55 2021
463,lar,26.2039,83.9717,88.45,58,5.57,25,IN,Wed Jun  2 15:41:58 2021
464,stettler,52.3168,-112.7186,82.15,39,11.5,9,CA,Wed Jun  2 15:42:01 2021
465,visby,57.6409,18.296,59.22,44,5.75,0,SE,Wed Jun  2 15:42:03 2021
466,bud,39.447,-86.1758,66.72,97,10.78,100,US,Wed Jun  2 15:42:03 2021
467,jizan,17.3333,42.6667,92.34,63,2.46,99,SA,Wed Jun  2 15:42:04 2021
468,meulaboh,4.1363,96.1285,78.04,88,2.17,100,ID,Wed Jun  2 15:42:04 2021
469,ust-kuyga,70.0167,135.6,63.1,45,5.95,100,RU,Wed Jun  2 15:42:05 2021
470,vila do maio,15.1333,-23.2167,75.99,86,13.67,13,CV,Wed Jun  2 15:42:05 2021
471,poya,-21.35,165.15,67.42,66,3.91,48,NC,Wed Jun  2 15:42:06 2021
472,zhanaozen,43.3,52.8,78.28,35,5.48,0,KZ,Wed Jun  2 15:42:06 2021
473,xingtai,37.0631,114.4942,70.2,55,5.14,100,CN,Wed Jun  2 15:42:07 2021
474,poum,-20.2333,164.0167,72.07,62,9.84,90,NC,Wed Jun  2 15:42:07 2021
475,kamina,-8.7386,24.9906,71.94,45,1.92,100,CD,Wed Jun  2 15:42:07 2021
476,padang,-0.9492,100.3543,78.01,86,4.0,89,ID,Wed Jun  2 15:42:08 2021
477,doha,25.2867,51.5333,91.71,51,3.44,0,QA,Wed Jun  2 15:39:46 2021
478,klyuchi,52.2667,79.1667,65.91,84,11.45,44,RU,Wed Jun  2 15:42:08 2021
479,noumea,-22.2763,166.4572,66.99,99,6.85,26,NC,Wed Jun  2 15:42:09 2021
480,kintampo,8.0563,-1.7306,81.45,59,3.06,97,GH,Wed Jun  2 15:42:09 2021
481,hegang,47.4,130.3667,53.56,98,5.41,100,CN,Wed Jun  2 15:42:10 2021
482,pimenta bueno,-11.6725,-61.1936,88.5,49,2.8,5,BR,Wed Jun  2 15:42:10 2021
483,rusape,-18.5278,32.1284,56.05,80,2.98,58,ZW,Wed Jun  2 15:42:11 2021
484,providencia,28.7167,-111.5833,98.62,35,8.99,19,MX,Wed Jun  2 15:42:11 2021
485,tiznit,29.5833,-9.5,64.81,63,5.23,67,MA,Wed Jun  2 15:42:12 2021
486,puyang,29.4603,119.8861,74.3,98,2.98,92,CN,Wed Jun  2 15:42:12 2021
487,batken,39.8333,71.0,58.75,46,7.16,22,KG,Wed Jun  2 15:42:12 2021
488,hidalgo,20.5,-99.0,71.1,56,11.21,100,MX,Wed Jun  2 15:42:13 2021
489,sao filipe,14.8961,-24.4956,73.89,78,9.28,18,CV,Wed Jun  2 15:42:13 2021
490,willowmore,-33.2926,23.4895,52.63,63,5.14,100,ZA,Wed Jun  2 15:42:14 2021
491,hambantota,6.1241,81.1185,79.77,84,16.11,99,LK,Wed Jun  2 15:42:15 2021
492,iskateley,67.6803,53.1512,34.88,79,16.31,34,RU,Wed Jun  2 15:42:16 2021
493,manga,11.6636,-1.0731,94.39,34,8.5,55,BF,Wed Jun  2 15:42:16 2021
494,oranjemund,-28.55,16.4333,59.4,54,9.42,0,NA,Wed Jun  2 15:42:17 2021
495,hailar,49.2,119.7,46.49,82,6.42,100,CN,Wed Jun  2 15:42:17 2021
496,yulara,-25.2406,130.9889,48.04,76,5.75,50,AU,Wed Jun  2 15:42:18 2021
497,kununurra,-15.7667,128.7333,69.78,83,0.0,100,AU,Wed Jun  2 15:42:18 2021
498,mukacheve,48.4392,22.7178,54.41,80,7.45,100,UA,Wed Jun  2 15:42:19 2021
499,klaksvik,62.2266,-6.589,50.92,95,8.5,100,FO,Wed Jun  2 15:42:19 2021
500,inuvik,68.3499,-133.7218,36.36,80,6.91,90,CA,Wed Jun  2 15:42:19 2021
501,dedougou,12.4667,-3.4667,94.14,28,6.17,43,BF,Wed Jun  2 15:42:20 2021
502,lima,-12.0432,-77.0282,66.9,75,9.22,90,PE,Wed Jun  2 15:42:21 2021
503,cidreira,-30.1811,-50.2056,66.52,74,7.96,88,BR,Wed Jun  2 15:42:23 2021
504,kimbe,-5.5502,150.1429,75.54,92,3.29,92,PG,Wed Jun  2 15:42:24 2021
505,kolpny,52.2282,37.0368,52.14,77,14.85,52,RU,Wed Jun  2 15:42:25 2021
506,praia,14.9215,-23.5087,75.74,73,19.57,20,CV,Wed Jun  2 15:42:26 2021
507,cusset,46.13,3.4596,68.34,91,1.21,99,FR,Wed Jun  2 15:42:26 2021
508,shingu,33.7333,135.9833,62.91,92,7.09,35,JP,Wed Jun  2 15:42:26 2021
509,kholmsk,47.0511,142.0569,45.28,93,5.53,28,RU,Wed Jun  2 15:42:27 2021
510,muli,2.9167,73.5667,83.28,70,16.17,79,MV,Wed Jun  2 15:42:27 2021
511,saint george,37.1041,-113.5841,101.53,11,4.0,78,US,Wed Jun  2 15:42:28 2021
512,nanortalik,60.1432,-45.2371,40.17,82,14.61,100,GL,Wed Jun  2 15:42:28 2021
513,bowen,-20.0167,148.2333,61.02,93,6.8,51,AU,Wed Jun  2 15:42:28 2021
514,san lawrenz,36.0553,14.204,67.86,84,4.0,100,MT,Wed Jun  2 15:42:29 2021
515,camargo,27.6667,-105.1667,88.23,18,1.14,75,MX,Wed Jun  2 15:42:29 2021
516,sioux lookout,50.1001,-91.917,77.38,33,12.66,40,CA,Wed Jun  2 15:42:30 2021
517,sungairaya,0.7,108.9,78.98,89,3.36,84,ID,Wed Jun  2 15:42:31 2021
518,lipari,38.4674,14.954,70.36,76,4.45,90,IT,Wed Jun  2 15:42:33 2021
519,isla vista,34.4133,-119.861,103.35,67,6.91,75,US,Wed Jun  2 15:39:41 2021
520,chumphon,10.3333,98.8333,73.53,94,1.48,29,TH,Wed Jun  2 15:42:35 2021
521,naryan-mar,67.6713,53.087,35.11,79,16.35,38,RU,Wed Jun  2 15:42:35 2021
522,diplo,24.4667,69.584,83.01,80,16.82,13,PK,Wed Jun  2 15:42:36 2021
523,termoli,41.9888,14.9895,63.18,55,6.11,31,IT,Wed Jun  2 15:42:37 2021
524,sawtell,-30.3833,153.1,57.18,92,4.61,100,AU,Wed Jun  2 15:42:37 2021
525,mananara,-16.1667,49.7667,69.48,94,4.65,100,MG,Wed Jun  2 15:42:37 2021
526,houma,29.5958,-90.7195,88.0,73,8.05,75,US,Wed Jun  2 15:42:38 2021
527,kaeo,-35.1,173.7833,53.33,93,3.36,100,NZ,Wed Jun  2 15:42:38 2021
528,aguimes,27.9054,-15.4461,68.67,64,18.41,20,ES,Wed Jun  2 15:42:39 2021
529,dukat,62.55,155.55,42.46,63,2.24,80,RU,Wed Jun  2 15:42:39 2021
530,laguna,38.421,-121.4238,101.21,38,5.01,1,US,Wed Jun  2 15:42:39 2021
531,verishen,39.5356,46.3122,58.17,40,9.78,0,AM,Wed Jun  2 15:42:40 2021
532,galesong,-5.3166,119.3661,69.82,67,4.41,6,ID,Wed Jun  2 15:42:40 2021
533,salalah,17.0151,54.0924,82.49,83,3.44,75,OM,Wed Jun  2 15:42:42 2021
534,santiago del estero,-27.7951,-64.2615,74.95,37,10.27,8,AR,Wed Jun  2 15:37:57 2021
535,neiafu,-18.65,-173.9833,74.08,100,6.91,75,TO,Wed Jun  2 15:42:43 2021
536,moranbah,-22.0016,148.0466,58.37,87,3.4,22,AU,Wed Jun  2 15:42:43 2021
537,sola,-13.8833,167.55,79.43,80,24.9,100,VU,Wed Jun  2 15:42:43 2021
538,sao domingos,-13.3983,-46.3183,84.85,32,3.06,10,BR,Wed Jun  2 15:42:44 2021
539,vardo,70.3705,31.1107,59.2,58,4.61,0,NO,Wed Jun  2 15:42:45 2021
540,olinda,-8.0089,-34.8553,78.53,65,11.14,40,BR,Wed Jun  2 15:42:46 2021
541,sechura,-5.5569,-80.8222,76.59,61,12.97,77,PE,Wed Jun  2 15:42:47 2021
542,port hawkesbury,45.6169,-61.3485,74.32,40,12.66,1,CA,Wed Jun  2 15:42:47 2021
543,huoqiu,32.3394,116.2694,72.41,83,17.34,100,CN,Wed Jun  2 15:42:48 2021
544,college,64.8569,-147.8028,61.12,66,0.0,75,US,Wed Jun  2 15:40:56 2021
545,tayshet,55.9342,98.0044,52.25,75,4.32,9,RU,Wed Jun  2 15:42:48 2021
546,kavaratti,10.5669,72.642,82.94,79,15.79,87,IN,Wed Jun  2 15:42:49 2021
547,gazanjyk,39.2446,55.5154,94.03,12,8.05,0,TM,Wed Jun  2 15:42:49 2021
548,bonavista,48.6499,-53.1147,55.4,72,14.54,87,CA,Wed Jun  2 15:42:49 2021
549,alytus,54.4,24.05,60.71,78,5.46,56,LT,Wed Jun  2 15:42:25 2021
550,pascagoula,30.3658,-88.5561,88.41,71,11.3,75,US,Wed Jun  2 15:40:17 2021
551,aktas,49.7789,72.9608,58.75,78,8.9,100,KZ,Wed Jun  2 15:42:52 2021
552,sur,22.5667,59.5289,94.23,38,11.81,4,OM,Wed Jun  2 15:42:52 2021
553,berdigestyakh,62.0989,126.6992,53.04,71,3.65,66,RU,Wed Jun  2 15:42:53 2021
554,sorland,67.667,12.6934,66.27,69,6.73,11,NO,Wed Jun  2 15:42:53 2021
555,itoman,26.1247,127.6694,81.37,92,11.5,75,JP,Wed Jun  2 15:42:54 2021
556,shadegan,30.6497,48.6647,98.55,9,20.54,0,IR,Wed Jun  2 15:42:54 2021
557,sorokino,53.75,84.9167,60.6,63,1.59,56,RU,Wed Jun  2 15:42:55 2021
558,nantucket,41.2835,-70.0995,71.71,72,12.66,1,US,Wed Jun  2 15:41:17 2021
559,svetlogorsk,52.6333,29.7333,50.68,87,7.83,16,BY,Wed Jun  2 15:42:56 2021
560,lafiagi,8.8667,5.4167,83.8,62,4.52,59,NG,Wed Jun  2 15:42:57 2021
561,rock sound,24.9,-76.2,78.93,81,19.77,100,BS,Wed Jun  2 15:42:57 2021
562,port hedland,-20.3167,118.5667,69.85,40,10.36,100,AU,Wed Jun  2 15:42:58 2021
563,san pedro,14.35,121.0167,81.16,94,8.63,90,PH,Wed Jun  2 15:42:58 2021
564,pinotepa nacional,16.3167,-98.0167,92.84,45,9.53,61,MX,Wed Jun  2 15:42:59 2021
565,buraydah,26.326,43.975,97.25,10,9.82,1,SA,Wed Jun  2 15:42:59 2021
566,dogondoutchi,13.6393,4.0287,96.6,20,2.26,32,NE,Wed Jun  2 15:42:59 2021
567,sturgis,41.7992,-85.4192,75.0,50,6.91,90,US,Wed Jun  2 15:43:00 2021
568,ahar,38.4774,47.0699,66.47,32,6.06,0,IR,Wed Jun  2 15:43:02 2021
569,hofn,64.2539,-15.2082,46.42,100,16.11,90,IS,Wed Jun  2 15:43:17 2021
570,falam,22.9167,93.6833,63.01,93,3.87,75,MM,Wed Jun  2 15:43:17 2021
571,karratha,-20.7377,116.8463,70.21,36,17.47,100,AU,Wed Jun  2 15:43:19 2021
572,marapanim,-0.7175,-47.6997,80.31,90,4.34,7,BR,Wed Jun  2 15:43:19 2021
573,hovd,48.0056,91.6419,61.74,31,3.15,35,MN,Wed Jun  2 15:43:20 2021
574,mwandiga,-4.83,29.6581,72.99,68,3.53,36,TZ,Wed Jun  2 15:43:20 2021
575,mabaruma,8.2,-59.7833,81.61,72,6.82,57,GY,Wed Jun  2 15:43:20 2021
576,okahandja,-21.9833,16.9167,56.84,26,8.75,0,NA,Wed Jun  2 15:43:21 2021
